Handle,SKU 1,SKU 2,Valeur dupliquée
stiga-hybrid-wood-nct,10000,10002,Straight
donic-shirt-orbit-flex-grey-white,25203,25223,5XL
butterfly-tracksuit-jacket-move-grey,12884,12885,S
butterfly-polo-kuma-navy,BTY20904,BTY20905,XS
butterfly-shirt-nash-blue,25552,25553,XS
butterfly-shirt-nash-red,BTY20948,25531,XS
butterfly-polo-germany-2015-zwart,BTY30130,BTY30131,S
butterfly-energy-force-xii,26359,BTY55215,46
butterfly-t-shirt-tenergy-blue,BTY28382,25677,XS
butterfly-t-shirt-ryo-red,25951,25952,XS
butterfly-lezoline-rifones-lime,BTY55418,BTY55416,34
joola-shirt-ace-lady-red-black,33948,33949,XS
joola-shirt-ace-lady-black-petrol,33962,33963,XS
joola-skirt-mara-black,34749,34750,XS
dsports-bas-liga-marine-blanc,F4061,F4062,S
dsports-bas-liga-blanc-royal,F4092,F4093,M
joola-shoes-nextt-20-navy-lime,26387,26388,44
butterfly-polo-higo-zwart,43178,43179,3XL
ping-pang-t-shirt-justesse-navy,90570,90571,M
andro-short-torin-blue,91064,91065,XL
donic-double-bat-cover-pop,93005,93006,Black
andro-double-wallet-maboon,93267,93268,Pink
andro-double-wallet-maboon,93266,93269,Blue
andro-basic-wallet-maboon,93264,93265,Blue
butterfly-shirt-puren-zwart,92750,92751,XS
andro-batcover-round-moriva,97023,97024,Black
andro-batcover-round-moriva,97023,97025,Black
andro-batwallet-double-moriva,97026,97027,Black
stiga-short-basic-navy,96987,98540,3XL
butterfly-sock-yonago-grey,97766,97767,Grey
butterfly-sock-yonago-grey,97766,97768,Grey
butterfly-sock-yonago-grey,97766,97769,Grey
tibhar-single-cover-spectra,97911,97912,Blue
tibhar-double-cover-spectra,97915,97916,Blue
tibhar-round-cover-spectra,97919,97920,Blue
tibhar-round-cover-with-ball-compartment-spectra,97923,97924,Blue
